{
  "User": [
    {
      "id": 1,
      "name": "Mario",
      "surname": "Martínez",
      "image": "assets/mario.jpg"
    },
    {
      "id": 2,
      "name": "Diego Armando",
      "surname": "Maradona",
      "image": "assets/maradona.jpg"
    },
    {
      "id": 3,
      "name": "Leti.S",
      "surname": "CR7",
      "image": "assets/leticiasabater.jpg"
    },
    {
      "id": 4,
      "name": "Iago",
      "surname": "Vigoroso",
      "image": "assets/iago.gif"
    }
  ],
  "Histories": [
    {
      "id": 1,
      "idUser": 2,
      "contain": " Hay dios mío es la primera vez que me siento en todo el día."
    },
    {
      "id": 2,
      "idUser": 1,
      "contain": "¿Sabéis lo que pasa con los de Albacete? ¡Que el que más larga la tiene más hondo la mete! cita de mi profesor de autoescuela."
    },
    {
      "idUser": 1,
      "contain": "Menudo calor que hace! Y aún hay gente que dice que le gusta el calor. Me cago en la leche Merche..",
      "id": 3
    },
    {
      "idUser": 1,
      "contain": "Venga que mañana es viernes!",
      "id": 4
    },
    {
      "idUser": 1,
      "contain": "Madre mía que hambre tengo!",
      "id": 5
    },
    {
      "idUser": 1,
      "contain": "adsas",
      "id": 6
    }
  ],
  "Relationship": [
    {
      "id": 1,
      "idUser1": 1,
      "idUser2": 2,
      "status": "Friends"
    },
    {
      "id": 2,
      "idUser1": 1,
      "idUser2": 3,
      "status": "Pending"
    }
  ]
}